-- `vendor` table
-- passwords are '<username>123'. Ex: 'nimantha123'
INSERT INTO `vendor` VALUES ('nimantha', '$2b$10$nCkyBmnqmeTRDGpnY3LBI.Hh5PFp48EUy9cCpM7PEaTu4Qq1vm4Q6');
INSERT INTO `vendor` VALUES ('supun', '$2b$10$dNlVVW056oxBUbM7g8/qkO15UDFeRu5hZoFv31KkA3dx5eRiRl4oq');
INSERT INTO `vendor` VALUES ('achira', '$2b$10$DoR35CitVDURZ0izo1bh4er479UFd0G8OxWGj0qEouQBzT9Hl2gce');
INSERT INTO `vendor` VALUES ('poorna', '$2b$10$FJafYi7ZPaEf.IE9lw2vUOWoEpUXkvRuvTVpuWOlVliW/y19T2ys2');
INSERT INTO `vendor` VALUES ('ransika', '$2b$10$h1B2n7c58dqJg8DAA60o/eOWutfpPHHlYnMfBPEKVgRl7w5ovIR3a');
-- username: test, password: 'password123'
INSERT INTO `vendor` VALUES ('test', '$2b$10$yOhIC0ip5gMqNvGGV1GaGus7PUXZSvtV2g/xOmqkaP0hQBMaKJ4bq');

-- `item` talbe
INSERT INTO `item` VALUES (
    'bf2d2630-a453-4315-849d-b8badc63b6a7',
    'Item 01',
    'This is item 01. This is a sample description. This has these features.',
    '2000',
    NULL,
    true
    );
INSERT INTO `item` VALUES (
    '66e9aa26-7610-4ed8-a67b-0e816ebfc03c',
    'Item 02',
    'This is item 02. This is a sample description. This has these features.',
    '450.70',
    NULL,
    true
    );

INSERT INTO `item` VALUES (
    'e3b8e679-ef21-4ece-9d7b-b8fb749a253f',
    'Item 03',
    'This is item 03. This is a sample description. This has these features.',
    '3500.50',
    NULL,
    true
    );
INSERT INTO `item` VALUES (
    '076c6864-b574-4915-8d69-ec7e8e07a4cc',
    'Item 04',
    'This is item 04. This is a sample description. This has these features.',
    '250.70',
    NULL,
    true
    );
INSERT INTO `item` VALUES (
    '56bd110a-d93b-421e-a0d7-ef45f9a260eb',
    'Item 05',
    'This is item 05. This is a sample description. This has these features.',
    '8050.25',
    NULL,
    true
    );
INSERT INTO `item` VALUES (
    '5af6c640-1d4b-49d1-822b-9f31ded304d0',
    'Item 06',
    'This is item 05. This is a sample description. This has these features.',
    '8050.25',
    NULL,
    true
    );
INSERT INTO `item` VALUES (
    '78ab804e-28b4-4392-a36d-f5884ffdc876',
    'Item 07',
    'This is item 05. This is a sample description. This has these features.',
    '8050.25',
    NULL,
    true
    );
INSERT INTO `item` VALUES (
    '1dc59a6d-b5b0-4baa-b2a9-57d52b18c57c',
    'Item 08',
    'This is item 05. This is a sample description. This has these features.',
    '8050.25',
    NULL,
    true
    );
INSERT INTO `item` VALUES (
    '5a37ffb5-a82f-46c6-8330-a03d1e1f503f',
    'Item 09',
    'This is item 05. This is a sample description. This has these features.',
    '8050.25',
    NULL,
    true
    );
INSERT INTO `item` VALUES (
    'f294cb4b-f078-4a56-84ba-448164f9a837',
    'Item 10',
    'This is item 05. This is a sample description. This has these features.',
    '8050.25',
    NULL,
    true
    );
INSERT INTO `item` VALUES (
    '3c814f7d-8a4f-4493-8a87-c3351700e3ae',
    'Item 11',
    'This is item 05. This is a sample description. This has these features.',
    '8050.25',
    NULL,
    false
    );
INSERT INTO `item` VALUES (
    'bed2b206-b0ab-4f8c-a1a8-84765d438ccd',
    'Item 12',
    'This is item 05. This is a sample description. This has these features.',
    '8050.25',
    NULL,
    false
    );
INSERT INTO `item` VALUES (
    'b95c1e4d-51a7-4eab-999f-3389ce8790c7',
    'Item 13',
    'This is item 05. This is a sample description. This has these features.',
    '8050.25',
    NULL,
    false
    );
INSERT INTO `item` VALUES (
    'bb2bff84-19b1-4063-9e0b-e82a7cd4305e',
    'Item 14',
    'This is item 05. This is a sample description. This has these features.',
    '8050.25',
    NULL,
    false
    );
INSERT INTO `item` VALUES (
    '2172d317-3aea-460f-9ad9-35edd4168505',
    'Item 15',
    'This is item 05. This is a sample description. This has these features.',
    '8050.25',
    NULL,
    false
    );
INSERT INTO `item` VALUES (
    'cf5d9e17-d3d2-465c-b140-17f7692f2da6',
    'Item 16',
    'This is item 05. This is a sample description. This has these features.',
    '8050.25',
    NULL,
    false
    );
INSERT INTO `item` VALUES (
    '1c47ff20-14ab-4987-802b-3a65b9941e05',
    'Item 17',
    'This is item 05. This is a sample description. This has these features.',
    '8050.25',
    NULL,
    false
    );
INSERT INTO `item` VALUES (
    'e9229334-fa3c-45a4-ae5d-0f05adf865a5',
    'Item 18',
    'This is item 05. This is a sample description. This has these features.',
    '8050.25',
    NULL,
    false
    );
INSERT INTO `item` VALUES (
    '2f149720-19ca-41b3-9d4a-b0dc66e86de0',
    'Item 19',
    'This is item 05. This is a sample description. This has these features.',
    '8050.25',
    NULL,
    true
    );
INSERT INTO `item` VALUES (
    '72854ba3-448a-4532-ba22-295269090343',
    'Item 20',
    'This is item 05. This is a sample description. This has these features.',
    '8050.25',
    NULL,
    true
    );
INSERT INTO `item` VALUES (
    '52cfe011-05be-4302-9d46-17e64390aabc',
    'Item 21',
    'This is item 05. This is a sample description. This has these features.',
    '8050.25',
    NULL,
    true
    );
INSERT INTO `item` VALUES (
    '4c70d36b-f75b-498a-8ec1-a04be67e23bd',
    'Item 22',
    'This is item 05. This is a sample description. This has these features.',
    '8050.25',
    NULL,
    true
    );
INSERT INTO `item` VALUES (
    '95c17baf-ef77-49ae-94b4-f87249f6e8ed',
    'Item 23',
    'This is item 05. This is a sample description. This has these features.',
    '8050.25',
    NULL,
    true
    );
INSERT INTO `item` VALUES (
    '009a9a0e-df89-484c-898d-77f4be827a11',
    'Item 24',
    'This is item 05. This is a sample description. This has these features.',
    '8050.25',
    NULL,
    true
    );
INSERT INTO `item` VALUES (
    'f6f48f39-68ab-4f86-8fa9-36b429265c5a',
    'Item 25',
    'This is item 05. This is a sample description. This has these features.',
    '8050.25',
    NULL,
    true
    );
INSERT INTO `item` VALUES (
    '724628aa-86e4-4e7a-9870-a3e0c3224137',
    'Item 26',
    'This is item 05. This is a sample description. This has these features.',
    '8050.25',
    NULL,
    true
    );

-- `order` table
INSERT INTO `order` VALUES (
    '411653f5-2320-4f2d-a78a-09dc45f7d0e2',
    'Charith Fonseka',
    '150, Duplication Rd, Colombo',
    '0775848586',
    'charith@no.com',
    NOW(),
    'PAID'
);
INSERT INTO `order` VALUES (
    'e8024d61-2e65-45de-8296-72cde7c5435b',
    'Saman Perera',
    '225/A, Magama Rd, Dankotuwa',
    '0785858258',
    'saman@gmail.com',
    NOW(),
    'PROCESSING'
);
INSERT INTO `order` VALUES (
    '7f2e944e-ae4b-47be-b4f5-2336de88f460',
    'Dulith Fernando',
    '34, Chilaw Rd, Ja Ela',
    '0752345423',
    'dulith@yahoo.com',
    NOW(),
    'DISPATCHED'
);
INSERT INTO `order` VALUES (
    '6c151946-e4c0-476d-b736-7a9ae9dca68b',
    'Achana Pulle',
    '99, Kaktus Rd, Divulapitiya',
    '0727827489',
    'achana@my.com',
    NOW(),
    'DELIVERED'
);
INSERT INTO `order` VALUES (
    '609d4870-9bc8-469a-b920-d18a14767b8b',
    'Kamal Adhikari',
    '29, Dambulla Rd, Kadawatha',
    '0779289682',
    'kamal@gmail.com',
    NOW(),
    'PAID'
);

-- `order_item` table
INSERT INTO `order_item` VALUES (
    '411653f5-2320-4f2d-a78a-09dc45f7d0e2',
    'bf2d2630-a453-4315-849d-b8badc63b6a7',
    '2'
);
INSERT INTO `order_item` VALUES (
    '411653f5-2320-4f2d-a78a-09dc45f7d0e2',
    '66e9aa26-7610-4ed8-a67b-0e816ebfc03c',
    '3'
);
INSERT INTO `order_item` VALUES (
    'e8024d61-2e65-45de-8296-72cde7c5435b',
    'e3b8e679-ef21-4ece-9d7b-b8fb749a253f',
    '3'
);
INSERT INTO `order_item` VALUES (
    'e8024d61-2e65-45de-8296-72cde7c5435b',
    '076c6864-b574-4915-8d69-ec7e8e07a4cc',
    '3'
);
INSERT INTO `order_item` VALUES (
    '7f2e944e-ae4b-47be-b4f5-2336de88f460',
    '076c6864-b574-4915-8d69-ec7e8e07a4cc',
    '4'
);
INSERT INTO `order_item` VALUES (
    '7f2e944e-ae4b-47be-b4f5-2336de88f460',
    'e3b8e679-ef21-4ece-9d7b-b8fb749a253f',
    '5'
);
INSERT INTO `order_item` VALUES (
    '6c151946-e4c0-476d-b736-7a9ae9dca68b',
    '076c6864-b574-4915-8d69-ec7e8e07a4cc',
    '2'
);
INSERT INTO `order_item` VALUES (
    '6c151946-e4c0-476d-b736-7a9ae9dca68b',
    '66e9aa26-7610-4ed8-a67b-0e816ebfc03c',
    '5'
);
INSERT INTO `order_item` VALUES (
    '609d4870-9bc8-469a-b920-d18a14767b8b',
    '076c6864-b574-4915-8d69-ec7e8e07a4cc',
    '4'
);
INSERT INTO `order_item` VALUES (
    '609d4870-9bc8-469a-b920-d18a14767b8b',
    '66e9aa26-7610-4ed8-a67b-0e816ebfc03c',
    '2'
);
